1,Jacinthe Janks,470-307-2436,jjanks0@merriam-webster.com,8/19/1994,4,1
2,Ulla Bilby,800-420-4105,ubilby1@flickr.com,9/5/1992,2,1
3,Carley Fencott,698-936-6824,cfencott2@google.ru,1/29/1986,7,1
4,Conny Charnley,645-270-5771,ccharnley3@e-recht24.de,5/24/2006,3,1
5,Artemas Pemble,428-102-6885,apemble4@auda.org.au,1/12/1977,9,1
6,Sylvan Jirusek,180-661-9413,sjirusek5@telegraph.co.uk,2/11/1979,2,1
7,Inglebert Print,620-772-4858,iprint6@yale.edu,9/2/1975,8,1
8,Eyde Cunnington,925-808-0675,ecunnington7@youtube.com,4/16/1982,5,1
9,Israel Storrie,281-616-3009,istorrie8@google.co.jp,6/27/1970,10,1
10,Victoir Copp,398-472-3845,vcopp9@wunderground.com,4/20/1995,8,1
11,Mario Coale,544-918-3235,mcoalea@yellowpages.com,8/9/1998,5,1
12,Base Slowey,451-509-7087,bsloweyb@bandcamp.com,5/20/2002,5,1
13,Lorelei Shelf,615-202-9991,lshelfc@who.int,3/18/1971,8,1
14,Cullan Kermott,630-429-2298,ckermottd@springer.com,3/7/1977,1,1
15,Anstice Bedome,346-778-7867,abedomee@yahoo.com,11/26/1988,2,1
16,Paloma Frost,427-720-9270,pfrostf@mtv.com,7/11/1993,8,1
17,Marga Seeking,426-319-6739,mseekingg@wix.com,1/25/1997,6,1
18,Neville Itzkovitch,640-806-2393,nitzkovitchh@hatena.ne.jp,11/29/1981,8,1
19,Brockie Belfrage,905-741-5516,bbelfragei@sphinn.com,12/2/1980,10,1
20,Amalia Freak,512-349-6638,afreakj@amazon.co.jp,4/30/1988,1,1
21,Tansy Pasterfield,700-454-3652,tpasterfieldk@pcworld.com,4/6/1982,1,1
22,Wilow Kassel,555-335-3487,wkassell@chicagotribune.com,12/8/1971,4,1
23,Carlynn Hartley,793-970-2139,chartleym@guardian.co.uk,2/17/1991,9,1
24,Boris Bettridge,358-256-9397,bbettridgen@umich.edu,4/13/1993,10,1
25,Onofredo Truman,764-908-8593,otrumano@yandex.ru,2/20/1980,9,1
26,Melly Speirs,556-185-9047,mspeirsp@prweb.com,6/19/1976,4,1
27,Aleece Apfelmann,618-444-3621,aapfelmannq@army.mil,12/27/1981,1,1
28,Rhianon Faithfull,960-432-4417,rfaithfullr@dropbox.com,10/29/2006,10,1
29,Katheryn Raft,153-791-7413,krafts@privacy.gov.au,3/27/1986,7,1
30,Mitchell Heak,327-931-0689,mheakt@java.com,12/19/2002,6,1
31,Timothea Grist,963-126-8100,tgristu@narod.ru,1/16/1972,9,1
32,Abel Kaubisch,641-990-3315,akaubischv@squarespace.com,12/5/2006,2,1
33,Helaine Laxe,401-592-2881,hlaxew@stanford.edu,1/20/1971,6,1
34,Ax Logg,487-122-0264,aloggx@smh.com.au,3/2/1989,6,1
35,Leshia Matiewe,392-416-7106,lmatiewey@freewebs.com,8/18/2001,4,1
36,Nessa Ghost,708-168-9986,nghostz@wikispaces.com,10/28/1989,1,1
37,Katrinka Hazzard,231-858-1499,khazzard10@live.com,4/22/1995,4,1
38,Phelia Yarr,160-622-4187,pyarr11@bandcamp.com,2/27/1983,5,1
39,Estelle Hatchard,158-782-7969,ehatchard12@uiuc.edu,4/28/1983,5,1
40,Joete Lashmar,644-522-7557,jlashmar13@cbc.ca,6/23/2001,5,1
41,Everett Balharry,979-894-9733,ebalharry14@cnn.com,9/2/1998,9,1
42,Hashim McGeachey,751-174-4204,hmcgeachey15@csmonitor.com,9/6/1988,7,1
43,Willamina Shama,343-796-4952,wshama16@com.com,6/13/2000,8,1
44,Hervey Annett,679-216-3607,hannett17@mysql.com,4/12/1998,1,1
45,Rozalin Willmer,302-930-6279,rwillmer18@istockphoto.com,6/15/1999,7,1
46,Dannie Mawtus,314-632-0781,dmawtus19@phpbb.com,1/14/1974,10,1
47,Theresina Parres,727-612-6164,tparres1a@answers.com,9/17/1990,1,1
48,Bonnee Northcliffe,323-331-2041,bnorthcliffe1b@furl.net,7/27/2005,6,1
49,Estell Warhurst,472-705-1063,ewarhurst1c@xrea.com,1/15/1999,4,1
50,Shani Perroni,308-964-5373,sperroni1d@loc.gov,2/13/1979,6,1
51,Forster Renfield,539-456-9622,frenfield1e@homestead.com,4/21/1993,3,1
52,Tamara Mitchely,783-644-0592,tmitchely1f@chicagotribune.com,10/20/1979,1,1
53,Linc Easby,672-157-4575,leasby1g@tiny.cc,8/11/1981,5,1
54,Immanuel Cronchey,571-831-9014,icronchey1h@instagram.com,10/26/1981,9,1
55,Birgitta Petris,113-842-0887,bpetris1i@jalbum.net,8/8/2002,10,1
56,Tabina Goadsby,912-227-4496,tgoadsby1j@state.gov,1/6/1993,4,1
57,Gisella Lacotte,323-341-4670,glacotte1k@shareasale.com,1/22/1997,7,1
58,Gherardo Shoreman,926-437-3667,gshoreman1l@jimdo.com,3/22/2005,2,1
59,Marilee Acosta,562-126-3568,macosta1m@hatena.ne.jp,11/30/1984,3,1
60,Humbert Luthwood,831-737-8409,hluthwood1n@mit.edu,8/10/1981,6,1
61,Sydel Ratley,918-993-4409,sratley1o@nba.com,1/16/1987,1,1
62,Caryl Korneichik,551-136-4690,ckorneichik1p@weather.com,7/20/1974,8,1
63,Katharina Wort,330-422-1996,kwort1q@discuz.net,12/8/1989,4,1
64,Verne Woodyer,291-749-9831,vwoodyer1r@studiopress.com,5/13/1992,3,1
65,Melamie Egentan,162-258-9849,megentan1s@slashdot.org,12/18/1974,1,1
66,Ursulina Dobing,518-726-1490,udobing1t@techcrunch.com,1/21/1986,7,1
67,Clarie McDonagh,225-948-0618,cmcdonagh1u@naver.com,2/8/1989,5,1
68,Herold Weatherley,594-722-5477,hweatherley1v@va.gov,6/30/1973,6,1
69,Zita Melville,834-881-5910,zmelville1w@bandcamp.com,7/5/1986,9,1
70,Lavinie Sabie,323-685-1392,lsabie1x@mit.edu,5/9/1988,2,1
71,Binni Whife,957-452-8857,bwhife1y@google.ca,5/20/1991,5,1
72,Amara Island,385-297-4167,aisland1z@columbia.edu,2/3/1994,9,1
73,Marla Oger,172-898-6331,moger20@tamu.edu,10/10/2002,10,1
74,Ardith Mockler,888-119-4004,amockler21@google.it,3/20/1994,2,1
75,Denney Pady,266-954-0225,dpady22@sourceforge.net,9/12/1978,3,1
76,Cece Wagenen,206-390-6199,cwagenen23@printfriendly.com,2/22/1985,8,1
77,Amity Bosward,648-523-2828,abosward24@wikia.com,5/11/1990,2,1
78,Warden Polon,684-606-8058,wpolon25@canalblog.com,1/11/1985,8,1
79,Jobyna Braisby,614-127-2200,jbraisby26@paypal.com,11/29/1980,1,1
80,Nolie Mutter,143-701-1627,nmutter27@redcross.org,12/23/1989,3,1
81,Cosette Selwyn,392-325-2536,cselwyn28@sbwire.com,5/13/1988,6,1
82,Rickert Perillio,900-270-3608,rperillio29@plala.or.jp,9/21/2002,4,1
83,Ardelle Pudsall,405-221-1244,apudsall2a@mail.ru,4/2/1984,5,1
84,Clark Haestier,831-846-8891,chaestier2b@usatoday.com,9/4/1975,10,1
85,Saloma Burgan,453-491-9762,sburgan2c@scientificamerican.com,4/12/2005,7,1
86,Brooks Vasyatkin,425-960-4104,bvasyatkin2d@samsung.com,11/17/1974,2,1
87,Glynis O'Scollain,354-158-0371,goscollain2e@samsung.com,4/24/1980,8,1
88,Starr Hedling,161-353-6157,shedling2f@dropbox.com,10/24/1978,4,1
89,Windy Portriss,244-722-1257,wportriss2g@cbslocal.com,7/9/1971,4,1
90,Rubetta Bambrugh,278-729-9165,rbambrugh2h@nytimes.com,11/12/1984,4,1
91,Winna Finkle,553-613-8957,wfinkle2i@irs.gov,6/6/1977,7,1
92,Ilyssa MacRierie,680-268-0927,imacrierie2j@simplemachines.org,5/23/1974,1,1
93,Mano Gyford,201-809-6712,mgyford2k@bizjournals.com,10/14/1991,6,1
94,Midge Brattell,662-217-7094,mbrattell2l@moonfruit.com,9/5/1995,4,1
95,Adaline Lindroos,264-758-9007,alindroos2m@slate.com,8/26/1970,1,1
96,Curtis O'Cuddie,432-268-3084,cocuddie2n@nymag.com,7/25/1985,10,1
97,Dmitri Callan,524-103-3079,dcallan2o@amazon.com,12/20/1980,4,1
98,Annecorinne Gilmour,566-637-2791,agilmour2p@ihg.com,9/3/2002,6,1
99,Thedrick Holbarrow,305-771-3576,tholbarrow2q@ifeng.com,5/22/2000,4,1
100,Emanuele Mordy,640-175-5939,emordy2r@dedecms.com,10/26/1988,10,1
101,Ruy Ruoff,873-822-2404,rruoff2s@usnews.com,4/23/1998,10,1
102,Nicki Glenister,753-467-4565,nglenister2t@homestead.com,8/13/1993,10,1
103,Lynne Kornilov,788-475-6220,lkornilov2u@webnode.com,3/22/1989,6,1
104,Aileen Ebbotts,749-516-2122,aebbotts2v@amazon.de,11/2/1990,10,1
105,Artur Kolinsky,744-959-7061,akolinsky2w@mediafire.com,5/22/1973,4,1
106,Kelcie Gorger,177-507-2835,kgorger2x@rambler.ru,8/24/1985,7,1
107,Niko Climie,193-615-3051,nclimie2y@people.com.cn,11/12/2000,5,1
108,Nelli Chopping,587-757-4937,nchopping2z@mysql.com,1/23/1992,6,1
109,Brianna Srawley,966-702-4886,bsrawley30@ihg.com,8/15/1975,9,1
110,Geoffry Horley,890-172-9400,ghorley31@irs.gov,12/13/1973,1,1
111,Richmond Kitchenman,539-665-3154,rkitchenman32@princeton.edu,4/2/1996,3,1
112,Gerome Grumley,115-581-3472,ggrumley33@admin.ch,7/12/1982,8,1
113,Artie Jevons,447-726-9449,ajevons34@cbsnews.com,12/24/1984,1,1
114,Liza Fussey,268-337-6251,lfussey35@bbc.co.uk,2/7/1993,5,1
115,Ragnar Danick,614-317-0226,rdanick36@dailymail.co.uk,10/7/1991,5,1
116,Randi Swanson,987-291-1982,rswanson37@amazon.de,12/16/2006,1,1
117,Melamie Semeradova,355-413-9753,msemeradova38@opensource.org,2/6/1998,1,1
118,Galvan Nother,337-361-8868,gnother39@pinterest.com,1/19/1993,8,1
119,Abbey Spillman,874-635-4413,aspillman3a@godaddy.com,7/25/1998,6,1
120,Veradis Gircke,195-983-9713,vgircke3b@state.gov,4/24/1980,8,1
121,Gustaf Dulwitch,896-467-9010,gdulwitch3c@cbc.ca,10/9/2000,3,1
122,Grange Ratazzi,110-758-5516,gratazzi3d@dailymail.co.uk,6/10/1979,7,1
123,Dunn Hitcham,298-983-6858,dhitcham3e@utexas.edu,9/5/1974,1,1
124,Milka Shewery,137-909-8120,mshewery3f@typepad.com,10/25/1971,10,1
125,Engelbert Carwithim,604-492-8783,ecarwithim3g@youku.com,5/21/1991,5,1
126,Yance Thompkins,129-649-9965,ythompkins3h@rediff.com,12/16/1990,4,1
127,Electra Kenworthey,274-490-1332,ekenworthey3i@symantec.com,1/30/1985,8,1
128,Ines Paty,891-546-2380,ipaty3j@booking.com,3/23/1996,9,1
129,Sharline Jachtym,194-799-3831,sjachtym3k@yale.edu,11/19/1993,9,1
130,Stesha Strowthers,784-262-4094,sstrowthers3l@ebay.co.uk,5/25/1984,5,1
131,Ruperto Connell,873-172-7320,rconnell3m@symantec.com,3/29/1999,4,1
132,Barry Ferrelli,484-456-7520,bferrelli3n@dion.ne.jp,10/1/2002,8,1
133,Emylee Braban,617-753-5066,ebraban3o@163.com,5/23/1987,8,1
134,Raquela Newport,625-931-4420,rnewport3p@baidu.com,4/26/2005,5,1
135,Willi Philbrick,512-161-4048,wphilbrick3q@chronoengine.com,10/26/2000,4,1
136,Fletcher Lecky,691-258-7853,flecky3r@apple.com,2/1/1989,6,1
137,Stirling Whoolehan,381-410-2758,swhoolehan3s@cdc.gov,10/24/1979,4,1
138,Madelon Ewebank,311-667-0308,mewebank3t@stumbleupon.com,11/7/1975,5,1
139,Weston Pettiford,787-500-1069,wpettiford3u@comcast.net,2/8/1996,1,1
140,Tam Spink,817-298-7624,tspink3v@google.com.br,4/16/2003,8,1
141,Conn Menzies,725-960-7865,cmenzies3w@nps.gov,8/5/2004,3,1
142,Neale Mc Comb,969-941-3685,nmc3x@indiatimes.com,7/16/1973,3,1
143,Juliann Cosely,870-998-6269,jcosely3y@paypal.com,9/30/1991,5,1
144,Bancroft Pabst,174-341-9317,bpabst3z@spotify.com,11/12/1971,8,1
145,Dasha Bliss,111-837-7775,dbliss40@godaddy.com,3/26/1979,5,1
146,Chelsae Saker,532-452-2298,csaker41@sogou.com,6/17/1997,8,1
147,Janifer Freddi,943-908-4445,jfreddi42@ibm.com,4/26/1990,2,1
148,Eileen Geaveny,636-178-5745,egeaveny43@prweb.com,6/26/2003,1,1
149,Wilie Smallpiece,123-751-4343,wsmallpiece44@google.cn,3/25/1992,9,1
150,Tully Harling,284-126-6067,tharling45@accuweather.com,7/27/1994,8,1
151,Ardyth Dahlborg,151-494-6001,adahlborg46@drupal.org,4/8/1996,5,1
152,Darb Hext,250-902-8984,dhext47@tripadvisor.com,9/7/1996,6,1
153,Claudine Passler,171-847-0771,cpassler48@who.int,6/18/1999,8,1
154,Lanae Galletley,225-375-1672,lgalletley49@yale.edu,8/15/1997,8,1
155,Daisey Smittoune,440-858-2711,dsmittoune4a@youtube.com,7/11/2005,2,1
156,Rianon Castelow,685-642-3226,rcastelow4b@mediafire.com,11/27/2002,5,1
157,Torrie Broadbridge,512-208-5735,tbroadbridge4c@vimeo.com,9/21/1998,4,1
158,Hendrika Saldler,582-769-5993,hsaldler4d@marriott.com,5/15/1991,5,1
159,Kalinda Collidge,879-403-7637,kcollidge4e@rediff.com,2/24/1988,5,1
160,Tammy Trustey,770-309-7919,ttrustey4f@altervista.org,2/6/1980,1,1
161,Ede Ditchett,710-850-6571,editchett4g@europa.eu,8/24/1992,6,1
162,Timmie Birdsall,352-555-6450,tbirdsall4h@scribd.com,12/29/1983,5,1
163,Shepherd Tunny,854-368-8714,stunny4i@comcast.net,4/24/1996,6,1
164,Pierrette Landells,733-454-1924,plandells4j@meetup.com,9/24/1995,10,1
165,Lyn Sollon,992-409-3358,lsollon4k@cpanel.net,1/23/1990,10,1
166,Ruprecht Meddows,132-980-5188,rmeddows4l@senate.gov,1/15/1982,10,1
167,Meryl Robroe,607-132-7734,mrobroe4m@pagesperso-orange.fr,11/11/1972,10,1
168,Fredrika Hirschmann,542-965-1754,fhirschmann4n@samsung.com,5/9/1990,2,1
169,Jo Paroni,892-824-8405,jparoni4o@nps.gov,3/3/1986,3,1
170,Mellisa Izaac,704-207-4158,mizaac4p@amazon.co.uk,11/25/1976,8,1
171,Lorry Draycott,599-790-1140,ldraycott4q@lulu.com,7/29/2001,2,1
172,Valeda Kingswood,409-830-3288,vkingswood4r@mac.com,8/12/1988,6,1
173,Abagail Gonnel,431-925-9103,agonnel4s@si.edu,7/8/1982,2,1
174,Harrie Dionisi,109-766-0571,hdionisi4t@state.tx.us,2/19/1986,4,1
175,Goraud Sherer,391-439-4129,gsherer4u@rambler.ru,1/5/1995,9,1
176,Nick Tiptaft,278-642-6081,ntiptaft4v@google.com.hk,5/29/1986,9,1
177,Simone Warcup,964-391-7661,swarcup4w@marketwatch.com,3/4/1974,10,1
178,Tiffany Aldridge,793-555-5759,taldridge4x@amazon.co.uk,3/20/1979,8,1
179,Teador Gowthorpe,689-107-8597,tgowthorpe4y@sogou.com,3/24/1972,7,1
180,Loise Hatch,498-173-9055,lhatch4z@loc.gov,1/5/2000,4,1
181,Nickolas Wale,368-283-1940,nwale50@upenn.edu,12/2/1999,6,1
182,Freddi Steer,437-933-0141,fsteer51@eepurl.com,4/24/1970,10,1
183,Gwendolin Foley,274-741-9250,gfoley52@columbia.edu,11/12/1984,1,1
184,Meredeth McCaughen,634-149-6328,mmccaughen53@cnn.com,8/17/1981,8,1
185,Irvine Niece,674-537-3249,iniece54@bizjournals.com,1/14/1991,1,1
186,Shandeigh Tulleth,197-369-1652,stulleth55@nytimes.com,6/27/1976,2,1
187,Caritta Minigo,541-841-6347,cminigo56@who.int,9/24/1976,8,1
188,Beaufort Zuann,848-963-8538,bzuann57@disqus.com,2/22/1980,9,1
189,Thorin Cottrell,581-124-3556,tcottrell58@ustream.tv,10/24/1977,7,1
190,Bryant Eastgate,981-910-1813,beastgate59@posterous.com,1/9/1994,10,1
191,Kingsly Cragg,708-143-5974,kcragg5a@jugem.jp,8/12/1999,4,1
192,Caitrin Pacey,101-631-1611,cpacey5b@reference.com,8/8/1995,3,1
193,Deidre Roskilly,367-855-3868,droskilly5c@ucoz.ru,4/16/2006,9,1
194,Zelig Dwyer,232-940-4976,zdwyer5d@jigsy.com,5/17/2003,6,1
195,Dayle Favel,801-132-0081,dfavel5e@amazon.co.uk,7/22/2000,3,1
196,Kip Couser,525-110-7456,kcouser5f@upenn.edu,1/16/1998,3,1
197,Harry Melburg,335-547-3611,hmelburg5g@nih.gov,10/16/1990,6,1
198,Happy Birney,881-605-7669,hbirney5h@github.com,11/22/2000,1,1
199,Salvidor McCrea,718-381-2782,smccrea5i@bbb.org,6/9/1995,8,1
200,Lindsy Beig,652-654-9809,lbeig5j@irs.gov,3/8/1987,4,1
